{"index": 50008, "prediction": 0}
{"index": 50013, "prediction": 1}
{"index": 50017, "prediction": 1}
{"index": 50018, "prediction": 2}
{"index": 50036, "prediction": 1}
{"index": 50040, "prediction": 1}
{"index": 50041, "prediction": 1}
{"index": 50045, "prediction": 0}
{"index": 50059, "prediction": 2}
{"index": 50063, "prediction": 0}
{"index": 50066, "prediction": 1}
{"index": 50068, "prediction": 1}
{"index": 50077, "prediction": 0}
{"index": 50080, "prediction": 0}
{"index": 50089, "prediction": 1}
{"index": 50093, "prediction": 0}
{"index": 50094, "prediction": 0}
{"index": 50098, "prediction": 0}
{"index": 50103, "prediction": 1}
{"index": 50109, "prediction": 0}
{"index": 50151, "prediction": 0}
{"index": 50165, "prediction": 0}
{"index": 50172, "prediction": 1}
{"index": 50173, "prediction": 1}
{"index": 50175, "prediction": 1}
{"index": 50198, "prediction": 0}
{"index": 50201, "prediction": 0}
{"index": 50209, "prediction": 0}
{"index": 50210, "prediction": 0}
{"index": 50219, "prediction": 1}
{"index": 50225, "prediction": 1}
{"index": 50227, "prediction": 0}
{"index": 50233, "prediction": 0}
{"index": 50236, "prediction": 1}
{"index": 50238, "prediction": 0}
{"index": 50249, "prediction": 0}
{"index": 50250, "prediction": 1}
{"index": 50253, "prediction": 0}
{"index": 50256, "prediction": 1}
{"index": 50271, "prediction": 1}
{"index": 50287, "prediction": 1}
{"index": 50295, "prediction": 1}
{"index": 50297, "prediction": 0}
{"index": 50301, "prediction": 0}
{"index": 50321, "prediction": 1}
{"index": 50326, "prediction": 1}
{"index": 50341, "prediction": 0}
{"index": 50342, "prediction": 0}
{"index": 50346, "prediction": 1}
{"index": 50353, "prediction": 2}
{"index": 50357, "prediction": 1}
{"index": 50359, "prediction": 0}
{"index": 50360, "prediction": 0}
{"index": 50362, "prediction": 1}
{"index": 50375, "prediction": 1}
{"index": 50376, "prediction": 2}
{"index": 50380, "prediction": 0}
{"index": 50382, "prediction": 0}
{"index": 50387, "prediction": 0}
{"index": 50409, "prediction": 1}
{"index": 50410, "prediction": 0}
{"index": 50417, "prediction": 0}
{"index": 50463, "prediction": 0}
{"index": 50484, "prediction": 1}
{"index": 50488, "prediction": 1}
{"index": 50493, "prediction": 0}
{"index": 50498, "prediction": 2}
{"index": 50508, "prediction": 0}
{"index": 50517, "prediction": 1}
{"index": 50519, "prediction": 0}
{"index": 50541, "prediction": 1}
{"index": 50550, "prediction": 0}
{"index": 50552, "prediction": 1}
{"index": 50565, "prediction": 1}
{"index": 50603, "prediction": 1}
{"index": 50606, "prediction": 0}
{"index": 50607, "prediction": 0}
{"index": 50609, "prediction": 1}
{"index": 50612, "prediction": 0}
{"index": 50614, "prediction": 1}
{"index": 50628, "prediction": 1}
{"index": 50645, "prediction": 0}
{"index": 50646, "prediction": 0}
{"index": 50648, "prediction": 0}
{"index": 50652, "prediction": 1}
{"index": 50653, "prediction": 1}
{"index": 50656, "prediction": 1}
{"index": 50660, "prediction": 1}
{"index": 50666, "prediction": 0}
{"index": 50669, "prediction": 0}
{"index": 50677, "prediction": 1}
{"index": 50692, "prediction": 0}
{"index": 50696, "prediction": 0}
{"index": 50707, "prediction": 0}
{"index": 50708, "prediction": 0}
{"index": 50724, "prediction": 1}
{"index": 50726, "prediction": 0}
{"index": 50731, "prediction": 0}
{"index": 50746, "prediction": 1}
{"index": 50748, "prediction": 0}
{"index": 50756, "prediction": 0}
{"index": 50771, "prediction": 0}
{"index": 50783, "prediction": 0}
{"index": 50795, "prediction": 1}
{"index": 50812, "prediction": 0}
{"index": 50829, "prediction": 0}
{"index": 50844, "prediction": 0}
{"index": 50847, "prediction": 1}
{"index": 50848, "prediction": 1}
{"index": 50855, "prediction": 0}
{"index": 50856, "prediction": 1}
{"index": 50861, "prediction": 1}
{"index": 50869, "prediction": 0}
{"index": 50893, "prediction": 1}
{"index": 50897, "prediction": 1}
{"index": 50898, "prediction": 1}
{"index": 50910, "prediction": 0}
{"index": 50913, "prediction": 0}
{"index": 50928, "prediction": 0}
{"index": 50934, "prediction": 1}
{"index": 50939, "prediction": 1}
{"index": 50946, "prediction": 2}
{"index": 50965, "prediction": 0}
{"index": 50968, "prediction": 0}
{"index": 50978, "prediction": 0}
{"index": 50994, "prediction": 0}
{"index": 51007, "prediction": 1}
{"index": 51020, "prediction": 0}
{"index": 51032, "prediction": 1}
{"index": 51042, "prediction": 0}
{"index": 51051, "prediction": 0}
{"index": 51053, "prediction": 0}
{"index": 51062, "prediction": 1}
{"index": 51063, "prediction": 1}
{"index": 51095, "prediction": 1}
{"index": 51099, "prediction": 0}
{"index": 51100, "prediction": 0}
{"index": 51101, "prediction": 1}
{"index": 51107, "prediction": 0}
{"index": 51110, "prediction": 1}
{"index": 51129, "prediction": 0}
{"index": 51132, "prediction": 1}
{"index": 51141, "prediction": 0}
{"index": 51146, "prediction": 1}
{"index": 51152, "prediction": 1}
{"index": 51154, "prediction": 2}
{"index": 51157, "prediction": 0}
{"index": 51158, "prediction": 1}
{"index": 51159, "prediction": 1}
{"index": 51166, "prediction": 1}
{"index": 51186, "prediction": 0}
{"index": 51188, "prediction": 1}
{"index": 51190, "prediction": 0}
{"index": 51197, "prediction": 1}
{"index": 51199, "prediction": 1}
{"index": 51212, "prediction": 0}
{"index": 51213, "prediction": 1}
{"index": 51226, "prediction": 2}
{"index": 51227, "prediction": 0}
{"index": 51238, "prediction": 1}
{"index": 51244, "prediction": 1}
{"index": 51246, "prediction": 0}
{"index": 51248, "prediction": 0}
{"index": 51250, "prediction": 2}
{"index": 51255, "prediction": 1}
{"index": 51257, "prediction": 1}
{"index": 51264, "prediction": 0}
{"index": 51267, "prediction": 0}
{"index": 51277, "prediction": 0}
{"index": 51278, "prediction": 1}
{"index": 51300, "prediction": 0}
{"index": 51301, "prediction": 0}
{"index": 51306, "prediction": 1}
{"index": 51313, "prediction": 1}
{"index": 51314, "prediction": 0}
{"index": 51319, "prediction": 0}
{"index": 51321, "prediction": 0}
{"index": 51328, "prediction": 0}
{"index": 51329, "prediction": 0}
{"index": 51334, "prediction": 0}
{"index": 51335, "prediction": 0}
{"index": 51337, "prediction": 0}
{"index": 51346, "prediction": 0}
{"index": 51348, "prediction": 1}
{"index": 51350, "prediction": 0}
{"index": 51352, "prediction": 1}
{"index": 51366, "prediction": 1}
{"index": 51369, "prediction": 1}
{"index": 51370, "prediction": 1}
{"index": 51373, "prediction": 0}
{"index": 51383, "prediction": 1}
{"index": 51393, "prediction": 0}
{"index": 51396, "prediction": 0}
{"index": 51397, "prediction": 0}
{"index": 51399, "prediction": 0}
{"index": 51409, "prediction": 0}
{"index": 51415, "prediction": 0}
{"index": 51416, "prediction": 0}
{"index": 51424, "prediction": 0}
{"index": 51426, "prediction": 0}
{"index": 51431, "prediction": 1}
{"index": 51434, "prediction": 1}
{"index": 51435, "prediction": 0}
{"index": 51446, "prediction": 0}
{"index": 51448, "prediction": 0}
{"index": 51454, "prediction": 1}
{"index": 51483, "prediction": 0}
{"index": 51504, "prediction": 0}
{"index": 51513, "prediction": 1}
{"index": 51518, "prediction": 1}
{"index": 51523, "prediction": 0}
{"index": 51528, "prediction": 1}
{"index": 51529, "prediction": 1}
{"index": 51534, "prediction": 2}
{"index": 51538, "prediction": 2}
{"index": 51544, "prediction": 1}
{"index": 51545, "prediction": 1}
{"index": 51548, "prediction": 0}
{"index": 51551, "prediction": 1}
{"index": 51561, "prediction": 1}
{"index": 51566, "prediction": 2}
{"index": 51576, "prediction": 0}
{"index": 51579, "prediction": 1}
{"index": 51580, "prediction": 0}
{"index": 51581, "prediction": 0}
{"index": 51583, "prediction": 0}
{"index": 51587, "prediction": 0}
{"index": 51588, "prediction": 1}
{"index": 51592, "prediction": 1}
{"index": 51602, "prediction": 1}
{"index": 51603, "prediction": 1}
{"index": 51607, "prediction": 1}
{"index": 51617, "prediction": 1}
{"index": 51625, "prediction": 1}
{"index": 51632, "prediction": 1}
{"index": 51638, "prediction": 0}
{"index": 51648, "prediction": 1}
{"index": 51662, "prediction": 0}
{"index": 51663, "prediction": 1}
{"index": 51666, "prediction": 0}
{"index": 51668, "prediction": 1}
{"index": 51681, "prediction": 1}
{"index": 51690, "prediction": 1}
{"index": 51695, "prediction": 1}
{"index": 51698, "prediction": 0}
{"index": 51708, "prediction": 1}
{"index": 51710, "prediction": 0}
{"index": 51732, "prediction": 0}
{"index": 51737, "prediction": 0}
{"index": 51756, "prediction": 1}
{"index": 51757, "prediction": 1}
{"index": 51769, "prediction": 1}
{"index": 51775, "prediction": 0}
{"index": 51778, "prediction": 1}
{"index": 51801, "prediction": 0}
{"index": 51809, "prediction": 0}
{"index": 51829, "prediction": 2}
{"index": 51830, "prediction": 1}
{"index": 51847, "prediction": 1}
{"index": 51849, "prediction": 0}
{"index": 51864, "prediction": 1}
{"index": 51865, "prediction": 1}
{"index": 51876, "prediction": 0}
{"index": 51880, "prediction": 0}
{"index": 51887, "prediction": 0}
{"index": 51896, "prediction": 1}
{"index": 51898, "prediction": 0}
{"index": 51900, "prediction": 1}
{"index": 51905, "prediction": 1}
{"index": 51911, "prediction": 1}
{"index": 51913, "prediction": 1}
{"index": 51917, "prediction": 1}
{"index": 51918, "prediction": 1}
{"index": 51920, "prediction": 1}
{"index": 51932, "prediction": 1}
{"index": 51936, "prediction": 0}
{"index": 51942, "prediction": 0}
{"index": 51950, "prediction": 1}
{"index": 51955, "prediction": 0}
{"index": 51964, "prediction": 1}
{"index": 51966, "prediction": 0}
{"index": 51973, "prediction": 1}
{"index": 51990, "prediction": 1}
{"index": 51992, "prediction": 0}
{"index": 51995, "prediction": 1}
{"index": 51999, "prediction": 2}
{"index": 52003, "prediction": 0}
{"index": 52005, "prediction": 1}
{"index": 52007, "prediction": 0}
{"index": 52028, "prediction": 1}
{"index": 52034, "prediction": 0}
{"index": 52037, "prediction": 1}
{"index": 52038, "prediction": 2}
{"index": 52055, "prediction": 1}
{"index": 52067, "prediction": 1}
{"index": 52070, "prediction": 1}
{"index": 52071, "prediction": 0}
{"index": 52093, "prediction": 0}
{"index": 52097, "prediction": 0}
{"index": 52106, "prediction": 0}
{"index": 52111, "prediction": 1}
{"index": 52121, "prediction": 1}
{"index": 52122, "prediction": 0}
{"index": 52124, "prediction": 1}
{"index": 52128, "prediction": 1}
{"index": 52141, "prediction": 0}
{"index": 52147, "prediction": 2}
{"index": 52149, "prediction": 1}
{"index": 52151, "prediction": 1}
{"index": 52157, "prediction": 0}
{"index": 52160, "prediction": 1}
{"index": 52169, "prediction": 1}
{"index": 52175, "prediction": 0}
{"index": 52183, "prediction": 0}
{"index": 52195, "prediction": 0}
{"index": 52196, "prediction": 1}
{"index": 52200, "prediction": 0}
{"index": 52204, "prediction": 0}
{"index": 52207, "prediction": 2}
{"index": 52214, "prediction": 1}
{"index": 52215, "prediction": 0}
{"index": 52216, "prediction": 0}
{"index": 52218, "prediction": 0}
{"index": 52230, "prediction": 1}
{"index": 52231, "prediction": 0}
{"index": 52238, "prediction": 0}
{"index": 52250, "prediction": 1}
{"index": 52254, "prediction": 1}
{"index": 52262, "prediction": 1}
{"index": 52272, "prediction": 2}
{"index": 52274, "prediction": 1}
{"index": 52286, "prediction": 0}
{"index": 52293, "prediction": 2}
{"index": 52295, "prediction": 1}
{"index": 52319, "prediction": 0}
{"index": 52320, "prediction": 1}
{"index": 52327, "prediction": 0}
{"index": 52329, "prediction": 1}
{"index": 52351, "prediction": 0}
{"index": 52354, "prediction": 0}
{"index": 52361, "prediction": 0}
{"index": 52365, "prediction": 1}
{"index": 52398, "prediction": 1}
{"index": 52403, "prediction": 1}
{"index": 52407, "prediction": 1}
{"index": 52411, "prediction": 1}
{"index": 52413, "prediction": 0}
{"index": 52415, "prediction": 1}
{"index": 52426, "prediction": 0}
{"index": 52428, "prediction": 0}
{"index": 52430, "prediction": 1}
{"index": 52433, "prediction": 1}
{"index": 52444, "prediction": 1}
{"index": 52449, "prediction": 1}
{"index": 52454, "prediction": 1}
{"index": 52458, "prediction": 2}
{"index": 52461, "prediction": 1}
{"index": 52466, "prediction": 0}
{"index": 52477, "prediction": 1}
{"index": 52480, "prediction": 0}
{"index": 52482, "prediction": 1}
{"index": 52484, "prediction": 0}
{"index": 52491, "prediction": 0}
{"index": 52515, "prediction": 1}
{"index": 52521, "prediction": 0}
{"index": 52522, "prediction": 0}
{"index": 52524, "prediction": 0}
{"index": 52525, "prediction": 1}
{"index": 52526, "prediction": 1}
{"index": 52536, "prediction": 0}
{"index": 52554, "prediction": 0}
{"index": 52555, "prediction": 0}
{"index": 52562, "prediction": 0}
{"index": 52575, "prediction": 0}
{"index": 52577, "prediction": 1}
{"index": 52581, "prediction": 1}
{"index": 52584, "prediction": 1}
{"index": 52585, "prediction": 0}
{"index": 52596, "prediction": 0}
{"index": 52600, "prediction": 0}
{"index": 52616, "prediction": 1}
{"index": 52619, "prediction": 1}
{"index": 52621, "prediction": 0}
{"index": 52622, "prediction": 1}
{"index": 52631, "prediction": 0}
{"index": 52647, "prediction": 2}
{"index": 52650, "prediction": 0}
{"index": 52652, "prediction": 0}
{"index": 52656, "prediction": 0}
{"index": 52672, "prediction": 1}
{"index": 52676, "prediction": 1}
{"index": 52688, "prediction": 0}
{"index": 52699, "prediction": 0}
{"index": 52704, "prediction": 0}
{"index": 52721, "prediction": 0}
{"index": 52725, "prediction": 1}
{"index": 52727, "prediction": 0}
{"index": 52734, "prediction": 0}
{"index": 52742, "prediction": 1}
{"index": 52745, "prediction": 0}
{"index": 52746, "prediction": 0}
{"index": 52752, "prediction": 1}
{"index": 52758, "prediction": 0}
{"index": 52759, "prediction": 1}
{"index": 52760, "prediction": 0}
{"index": 52761, "prediction": 0}
{"index": 52770, "prediction": 0}
{"index": 52772, "prediction": 1}
{"index": 52780, "prediction": 2}
{"index": 52781, "prediction": 1}
{"index": 52788, "prediction": 0}
{"index": 52800, "prediction": 1}
{"index": 52809, "prediction": 0}
{"index": 52816, "prediction": 0}
{"index": 52818, "prediction": 2}
{"index": 52834, "prediction": 1}
{"index": 52837, "prediction": 1}
{"index": 52859, "prediction": 0}
{"index": 52861, "prediction": 0}
{"index": 52866, "prediction": 1}
{"index": 52868, "prediction": 0}
{"index": 52878, "prediction": 0}
{"index": 52883, "prediction": 1}
{"index": 52897, "prediction": 1}
{"index": 52902, "prediction": 0}
{"index": 52904, "prediction": 1}
{"index": 52905, "prediction": 1}
{"index": 52913, "prediction": 0}
{"index": 52921, "prediction": 0}
{"index": 52926, "prediction": 1}
{"index": 52938, "prediction": 1}
{"index": 52947, "prediction": 1}
{"index": 52952, "prediction": 0}
{"index": 52955, "prediction": 1}
{"index": 52957, "prediction": 1}
{"index": 52966, "prediction": 0}
{"index": 52985, "prediction": 1}
{"index": 52989, "prediction": 0}
{"index": 53004, "prediction": 1}
{"index": 53008, "prediction": 0}
{"index": 53009, "prediction": 1}
{"index": 53040, "prediction": 0}
{"index": 53047, "prediction": 1}
{"index": 53050, "prediction": 1}
{"index": 53052, "prediction": 0}
{"index": 53060, "prediction": 1}
{"index": 53067, "prediction": 1}
{"index": 53072, "prediction": 2}
{"index": 53082, "prediction": 0}
{"index": 53086, "prediction": 1}
{"index": 53087, "prediction": 1}
{"index": 53088, "prediction": 0}
{"index": 53089, "prediction": 0}
{"index": 53090, "prediction": 1}
{"index": 53092, "prediction": 1}
{"index": 53093, "prediction": 0}
{"index": 53094, "prediction": 1}
{"index": 53096, "prediction": 0}
{"index": 53099, "prediction": 1}
{"index": 53104, "prediction": 1}
{"index": 53111, "prediction": 1}
{"index": 53118, "prediction": 1}
{"index": 53123, "prediction": 1}
{"index": 53125, "prediction": 0}
{"index": 53126, "prediction": 0}
{"index": 53127, "prediction": 1}
{"index": 53129, "prediction": 0}
{"index": 53130, "prediction": 1}
{"index": 53131, "prediction": 0}
{"index": 53132, "prediction": 2}
{"index": 53138, "prediction": 2}
{"index": 53153, "prediction": 0}
{"index": 53155, "prediction": 0}
{"index": 53156, "prediction": 1}
{"index": 53159, "prediction": 0}
